{"cameraMode":{"drawMode":0,"name":"Shaded","section":"Shading Mode"},"sceneLighting":true,"audioPlay":false,"sceneViewState":{"showFog":true,"showMaterialUpdate":false,"showSkybox":true,"showFlares":true,"showImageEffects":true,"showParticleSystems":true},"in2DMode":false,"pivot":{"x":31.764751434326173,"y":3.407034397125244,"z":4.987436294555664},"rotation":{"x":-0.002901541069149971,"y":0.8753498196601868,"z":0.0052517615258693699,"w":0.48346003890037539},"size":25.4027156829834,"orthographic":false}