{"cameraMode":{"drawMode":0,"name":"Shaded","section":"Shading Mode"},"sceneLighting":true,"audioPlay":false,"sceneViewState":{"showFog":true,"showMaterialUpdate":true,"showSkybox":true,"showFlares":true,"showImageEffects":true,"showParticleSystems":true},"in2DMode":false,"pivot":{"x":0.9446521401405335,"y":9.280166625976563,"z":32.552642822265628},"rotation":{"x":0.5922897458076477,"y":-7.4009660622209598e-9,"z":1.4965120698207103e-8,"w":0.8057250380516052},"size":23.445966720581056,"orthographic":false}