{"cameraMode":{"drawMode":0,"name":"Shaded","section":"Shading Mode"},"sceneLighting":false,"audioPlay":false,"sceneViewState":{"showFog":true,"showMaterialUpdate":true,"showSkybox":false,"showFlares":true,"showImageEffects":true,"showParticleSystems":true},"in2DMode":false,"pivot":{"x":0.0,"y":0.07040892541408539,"z":-7.450580596923828e-9},"rotation":{"x":0.043329231441020969,"y":0.7078849077224731,"z":-0.043589893728494647,"w":0.703650176525116},"size":0.19723954796791078,"orthographic":false}