{"cameraMode":{"drawMode":0,"name":"Shaded","section":"Shading Mode"},"sceneLighting":false,"audioPlay":false,"sceneViewState":{"showFog":true,"showMaterialUpdate":true,"showSkybox":false,"showFlares":true,"showImageEffects":true,"showParticleSystems":true},"in2DMode":false,"pivot":{"x":0.0,"y":4.999999523162842,"z":0.4983249306678772},"rotation":{"x":-0.035869259387254718,"y":0.08264845609664917,"z":0.0029769274406135084,"w":0.9959307312965393},"size":5.217576026916504,"orthographic":false}