{"cameraMode":{"drawMode":0,"name":"Shaded","section":"Shading Mode"},"sceneLighting":true,"audioPlay":false,"sceneViewState":{"showFog":true,"showMaterialUpdate":true,"showSkybox":true,"showFlares":true,"showImageEffects":true,"showParticleSystems":true},"in2DMode":false,"pivot":{"x":15.11120891571045,"y":6.384350776672363,"z":68.1783676147461},"rotation":{"x":0.03931182995438576,"y":0.1187189593911171,"z":0.004703989718109369,"w":-0.9921408295631409},"size":10.0,"orthographic":false}