{"cameraMode":{"drawMode":0,"name":"Shaded","section":"Shading Mode"},"sceneLighting":true,"audioPlay":false,"sceneViewState":{"showFog":true,"showMaterialUpdate":true,"showSkybox":true,"showFlares":true,"showImageEffects":true,"showParticleSystems":true},"in2DMode":false,"pivot":{"x":-114.86901092529297,"y":-156.4973602294922,"z":-68.95458984375},"rotation":{"x":-0.16048207879066468,"y":0.8346200585365295,"z":-0.31988784670829775,"w":-0.41872385144233706},"size":116.86649322509766,"orthographic":false}