{"cameraMode":{"drawMode":0,"name":"Shaded","section":"Shading Mode"},"sceneLighting":true,"audioPlay":false,"sceneViewState":{"showFog":true,"showMaterialUpdate":true,"showSkybox":true,"showFlares":true,"showImageEffects":true,"showParticleSystems":true},"in2DMode":false,"pivot":{"x":-41.1098518371582,"y":6.706413745880127,"z":21.584972381591798},"rotation":{"x":-0.019600413739681245,"y":0.5770254731178284,"z":-0.01384558342397213,"w":-0.8163900971412659},"size":5.656854152679443,"orthographic":false}