{"cameraMode":{"drawMode":0,"name":"Shaded","section":"Shading Mode"},"sceneLighting":true,"audioPlay":false,"sceneViewState":{"showFog":true,"showMaterialUpdate":true,"showSkybox":true,"showFlares":true,"showImageEffects":true,"showParticleSystems":true},"in2DMode":false,"pivot":{"x":-49.932952880859378,"y":6.877572059631348,"z":23.02951431274414},"rotation":{"x":-0.01773713529109955,"y":-0.5352053046226502,"z":-0.011241481639444828,"w":0.8444651961326599},"size":5.842988014221191,"orthographic":false}